Column1,Column2,Column3,Column4,Column5,Column6
S.No,Names,Images,,Links,
8,Royal Enfield Scram 411,https://imgd.aeplcdn.com/310x174/n/cw/ec/99489/scram-411-right-front-three-quarter-2.jpeg?isig=0&q=80,,https://www.bikewale.com//royalenfield-bikes/meteor-350/,
4,Royal Enfield Meteor 350,https://imgd.aeplcdn.com/310x174/n/cw/ec/51245/meteor-350-right-front-three-quarter-9.jpeg?isig=0&q=80,,https://www.bikewale.com//royalenfield-bikes/bullet/,
5,Royal Enfield Himalayan,https://imgd.aeplcdn.com/310x174/n/cw/ec/49739/himalayan-right-front-three-quarter-2.png?isig=0&q=80,,https://www.bikewale.com//royalenfield-bikes/bullet/,
7,Royal Enfield Interceptor 650,https://imgd.aeplcdn.com/310x174/n/cw/ec/49657/interceptor-right-front-three-quarter-4.png?isig=0&q=80,,https://www.bikewale.com//royalenfield-bikes/continental-gt/,
3,Royal Enfield Continental GT 650,https://imgd.aeplcdn.com/310x174/n/cw/ec/49656/continental-gt-right-front-three-quarter-2.png?isig=0&q=80,,https://www.bikewale.com//royalenfield-bikes/classic-350/,
0,Royal Enfield Hunter 350,https://imgd.aeplcdn.com/310x174/n/cw/ec/124013/hunter-350-right-front-three-quarter.jpeg?isig=0&q=80,,https://www.bikewale.com//royalenfield-bikes/hunter-350/,
6,Royal Enfield Super Meteor 650,https://imgd.aeplcdn.com/310x174/n/cw/ec/108885/super-meteor-650-right-front-three-quarter-8.png?isig=0&q=80,,https://www.bikewale.com//royalenfield-bikes/continental-gt/,
1,Royal Enfield Classic 350,https://imgd.aeplcdn.com/310x174/n/cw/ec/101487/classic-350-right-front-three-quarter-6.jpeg?isig=0&q=80,,https://www.bikewale.com//royalenfield-bikes/hunter-350/,
2,Royal Enfield Bullet 350,https://imgd.aeplcdn.com/310x174/bw/ec/26288/Royal-Enfield-Bullet-350-Twinspark-Side-86212.jpg?v=201711021421&q=80,,https://www.bikewale.com//royalenfield-bikes/classic-350/,
